Peptide Sequence,SVM Score,Prediction,Hydrophobicity,Hydropathicity,Hydrophilicity,Charge,pI,Mol wt,Sidebulk,Net Hydrogen
ASLQEQEQGQMQSR,-1.26,Non-Toxin,-0.41,-1.68,0.5,-1,4.54,1619.94,0.64,1.29
EHYQEGGYQQSQYGSGCPNGLDETFCTMR,-0.19,Non-Toxin,-0.23,-1.25,0.03,-2.5,4.4,3286.92,0.63,0.9
ADTYNPR,-0.73,Non-Toxin,-0.44,-1.9,0.43,0,6.19,835.95,0.62,1.29
VTNLNSQNFPILNLVQMSAVK,-1.54,Non-Toxin,-0.04,0.3,-0.55,1,9.11,2331.06,0.64,0.81
VNLYQNALLSPFWNINAHSIVYITQGR,-0.94,Non-Toxin,-0.01,0.12,-0.79,1.5,8.94,3133,0.61,0.85
TVFNGELR,-1.04,Non-Toxin,-0.17,-0.23,0,0,6.36,935.16,0.66,1
GQLLIVPQHYVVVK,-0.77,Non-Toxin,0.08,0.82,-0.77,1.5,8.94,1593.18,0.6,0.57
EGCAYIAFK,-1,Non-Toxin,0.04,0.48,-0.29,0,6.32,1001.28,0.64,0.44
SSIFR,-0.81,Non-Toxin,-0.19,0.24,-0.14,1,10.11,608.75,0.63,1.2
ALPTDVLANAYR,-0.8,Non-Toxin,-0.08,0.17,-0.26,0,6.19,1303.64,0.59,0.75
GDEFGAFTPLQYK,-1.08,Non-Toxin,-0.08,-0.58,-0.06,-1,4.38,1472.8,0.63,0.62
SYQDVYNVAESS,-0.83,Non-Toxin,-0.17,-0.73,-0.07,-2,3.67,1361.54,0.65,0.92
MASMSTILPLCLGLLLFFQVSMAQFSFGGSPLQSPR,-0.81,Non-Toxin,0.1,0.88,-0.74,1,8.6,3877.22,0.6,0.47
GFR,-0.7,Non-Toxin,-0.33,-0.7,0.17,1,10.11,378.46,0.69,1.33
FEHLTALEATHQQR,-0.88,Non-Toxin,-0.24,-0.88,0.04,0,6.03,1681.05,0.52,1
SEAGFTEYYNIEAR,-0.87,Non-Toxin,-0.19,-0.86,0.16,-2,4.26,1649.92,0.65,0.93
NEFR,-0.92,Non-Toxin,-0.6,-2.17,0.93,0,6.36,564.64,0.7,1.75
GLVLPMYANAHK,-0.99,Non-Toxin,0.03,0.28,-0.58,1.5,8.94,1313.76,0.56,0.5
LVYIVQGR,-1.15,Non-Toxin,0.01,0.87,-0.71,1,9.1,947.27,0.67,0.88
GVFGMALPGCPETFQSVR,-0.8,Non-Toxin,0.01,0.37,-0.36,0,6.32,1896.47,0.62,0.5
VCVHMLHTSIMNIPYHYFDFNDNK,-1.36,Non-Toxin,-0.05,-0.15,-0.57,0.5,6.29,2939.74,0.59,0.71
MLMCIVYYEMINGLGVFLGWK,-0.8,Non-Toxin,0.19,1.15,-1.01,0,6.31,2481.43,0.67,0.38
QSEQDQQLEGQSQSHK,-0.79,Non-Toxin,-0.48,-2.35,0.74,-1.5,4.66,1857.13,0.6,1.31
FQQGDVVALPAGVAHWCYNDGYMK,-0.86,Non-Toxin,-0.01,-0.08,-0.48,-0.5,5.22,2670.37,0.62,0.58
VVAIYVTDIYNSAHQLDPR,-1.28,Non-Toxin,-0.07,0.08,-0.35,-0.5,5.22,2174.72,0.61,0.79
DFFLAGNNK,-0.76,Non-Toxin,-0.1,-0.4,-0.1,0,6.19,1025.25,0.68,0.78
ISQQLYR,-1.64,Non-Toxin,-0.3,-0.76,-0.31,1,9.1,907.14,0.64,1.43
YEAR,-0.49,Non-Toxin,-0.53,-1.88,0.8,0,6.35,537.61,0.65,1.5
NVFGGFSVELLSEALGISSGVAR,-0.8,Non-Toxin,0.07,0.78,-0.32,-1,4.54,2309.95,0.63,0.52
QLQCQNDQR,-0.82,Non-Toxin,-0.59,-2.13,0.47,0,6.16,1132.35,0.67,1.67
FAVVAAIVALLAVTAAAQAPGAAPVPAPK,-0.93,Non-Toxin,0.21,1.47,-0.64,1,9.11,2656.61,0.56,0.17
SSTYTATASFVAVAGAVAAAIVF,-1.07,Non-Toxin,0.22,1.53,-0.84,0,5.88,2175.77,0.59,0.3
MATTIFSR,-0.74,Non-Toxin,-0.07,0.54,-0.45,1,10.11,926.2,0.62,0.88
FSIYFCVMLLCQGSMAQLFNPSTNPWHSPR,-0.83,Non-Toxin,-0.01,0.2,-0.76,1.5,8.38,3476.51,0.59,0.67
QGSFR,-1.05,Non-Toxin,-0.39,-1.28,0.2,1,10.11,593.7,0.65,1.4
FDR,-0.99,Non-Toxin,-0.62,-1.73,1.17,0,6.19,436.49,0.71,1.67
LQAFEPLR,-1.31,Non-Toxin,-0.15,-0.11,-0.05,0,6.36,973.25,0.58,0.88
AGVTEYFDENNELFQCTGTFVIR,-0.84,Non-Toxin,-0.09,-0.17,-0.15,-3,4.01,2654.24,0.66,0.78
VIQPQGLLVPQYSNTTGLVYIIQGR,-1.59,Non-Toxin,0,0.25,-0.66,1,8.93,2758.63,0.63,0.76
GSMGLTFPGCPATYQQQFQQFSSQGQSQSQK,-0.93,Non-Toxin,-0.18,-0.92,-0.29,1,8.54,3383.16,0.62,0.9
IHQFR,-1.39,Non-Toxin,-0.3,-0.78,-0.32,1.5,10.11,699.88,0.55,1.4
QGDVVALPAGVAHWFYNDGDASVVAIYVYDINNSANQLEPTQK,-0.63,Non-Toxin,-0.04,-0.12,-0.3,-3.5,4.04,4651.73,0.63,0.67
EFLLAGNNK,-0.76,Non-Toxin,-0.1,-0.29,-0.02,0,6.35,1005.27,0.65,0.78
VQQVYGSSIEQHSGQNIFNGFGTELLSEALGINTVAAK,-1.75,Non-Toxin,-0.03,-0.04,-0.28,-1.5,4.76,4009.02,0.62,0.71
NGLQLLKPTLTQ,-0.52,Non-Toxin,-0.11,-0.22,-0.37,1,9.11,1325.77,0.59,0.83
FPVVFSAICLFLLCHGSLAQFLSQSTSQWQSSHR,-1,Non-Toxin,0.02,0.52,-0.76,2,8.4,3826.92,0.56,0.68
FDHLQAFKPIHTVR,-0.86,Non-Toxin,-0.15,-0.3,-0.2,2,9.11,1709.19,0.54,0.86
SQADTTEVYDISNK,-1.26,Non-Toxin,-0.27,-1.09,0.44,-2,4.03,1570.82,0.65,1
LFQCTGVFVVR,-1.08,Non-Toxin,0.09,1.4,-0.86,1,8.6,1268.7,0.66,0.64
GLLLPHYSNGATLVYIIQGR,-1.63,Non-Toxin,0.04,0.43,-0.73,1.5,8.94,2185.88,0.59,0.65
GVTGPTFPGCPEAYQQ,-0.67,Non-Toxin,-0.04,-0.49,-0.32,-1,4,1652.04,0.59,0.5
RPAPVLVLAILAVAASTAAAAAIEGEVK,-0.82,Non-Toxin,0.11,1.24,-0.29,0,6.49,2673.59,0.58,0.36
AQSGR,-0.93,Non-Toxin,-0.46,-1.48,0.6,1,10.11,517.6,0.62,1.4
GPLYPQDPGFMPSSAPSSHGSR,-1.37,Non-Toxin,-0.14,-0.86,-0.05,0.5,7.09,2272.78,0.54,0.64
LFTACAAFASLWFLW,-0.9,Non-Toxin,0.32,1.75,-1.52,0,5.85,1747.29,0.56,0.27
WLQLPCSLLLVIMLVAATAAAADVVVR,-0.88,Non-Toxin,0.19,1.78,-0.84,0,6.16,2837.93,0.59,0.37
AASWR,-0.8,Non-Toxin,-0.23,-0.52,-0.22,1,10.11,589.7,0.55,1.2
AVVLAAAAVAGALAL,-0.82,Non-Toxin,0.36,2.53,-0.93,0,5.88,1280.78,0.57,0
NPSQMLR,-0.82,Non-Toxin,-0.38,-1.17,0.09,1,10.11,845.08,0.62,1.29
LLLLR,-0.8,Non-Toxin,0.07,2.14,-0.84,1,10.11,626.92,0.56,0.8
VAILAAVLATPSLGR,0.52,Toxin,0.15,1.57,-0.62,1,10.11,1451.99,0.57,0.4
CLMCVCDVDPHPLPPSR,-0.91,Non-Toxin,-0.1,0.21,-0.12,-0.5,5.22,1882.49,0.55,0.47
PAEMYPQVR,-0.66,Non-Toxin,-0.24,-0.9,0.07,0,6.35,1090.38,0.61,0.89
GYIR,-1.55,Non-Toxin,-0.21,-0.43,-0.27,1,9.1,507.64,0.69,1.25
RRPGHGGLSSR,-1.19,Non-Toxin,-0.48,-1.57,0.66,3.5,12.31,1179.46,0.55,1.36
LVVVSVLLVSGLMPLLV,-1.42,Non-Toxin,0.37,2.72,-1.21,0,5.88,1751.57,0.6,0.12
DAAVERPLVR,-0.57,Non-Toxin,-0.28,-0.18,0.62,0,6.42,1125.42,0.61,1
LFKPFDELLVDSK,-1.03,Non-Toxin,-0.1,0.04,0.26,-1,4.56,1551,0.63,0.62
DFDVTALEK,-0.53,Non-Toxin,-0.16,-0.28,0.59,-2,4.03,1037.25,0.65,0.67
FIDASSTPK,-0.4,Non-Toxin,-0.11,-0.24,0.16,0,6.19,965.18,0.59,0.67
VVTFDK,-1.47,Non-Toxin,-0.05,0.52,0.02,0,6.19,707.9,0.68,0.67
NPDNHPYLLK,-0.5,Non-Toxin,-0.26,-1.45,0,0.5,7.09,1210.5,0.54,0.9
FFQSSAAK,-0.8,Non-Toxin,-0.07,0.02,-0.28,1,9.11,885.08,0.61,0.75
AMLFLNFSTGPFESFK,-0.81,Non-Toxin,0.06,0.46,-0.56,0,6.35,1836.36,0.62,0.5
SVYYGAAEEFK,-1.3,Non-Toxin,-0.07,-0.37,-0.03,-1,4.54,1263.51,0.64,0.64
FLIGDLEASQGAFQYFGLR,-1,Non-Toxin,0.02,0.32,-0.44,-1,4.38,2132.69,0.64,0.63
EDQVPLIIIQDGDSK,-0.8,Non-Toxin,-0.14,-0.41,0.47,-3,3.84,1670.08,0.66,0.73
AHVEPDQIVSWLK,-1.13,Non-Toxin,-0.07,-0.18,-0.12,-0.5,5.33,1521.93,0.56,0.69
QYFDGK,-1.11,Non-Toxin,-0.29,-1.63,0.23,0,6.18,756.89,0.7,1
LSPFR,-0.78,Non-Toxin,-0.19,-0.06,-0.2,1,10.11,618.79,0.56,1
VVVADNVHDFVFK,-1.67,Non-Toxin,0.05,0.83,-0.33,-0.5,5.22,1488.89,0.64,0.54
NVLVEFYAPWCGHCK,-1.05,Non-Toxin,0.02,0.23,-0.65,0.5,7.03,1766.28,0.58,0.53
LAPILDEAATTLK,-0.84,Non-Toxin,0.02,0.57,-0.04,-1,4.38,1355.78,0.57,0.46
MDATANDVPSEFDVQGYPTLYFVTPSGK,-0.8,Non-Toxin,-0.07,-0.33,-0.12,-3,3.84,3050.74,0.62,0.61
MVPYESGR,-0.86,Non-Toxin,-0.22,-0.75,0.15,0,6.35,938.17,0.64,0.88
TADEIVDFIK,-0.9,Non-Toxin,-0.05,0.27,0.35,-2,4.03,1150.43,0.67,0.6
AESAPAEPLK,-0.72,Non-Toxin,-0.15,-0.57,0.6,-1,4.54,1012.25,0.54,0.5
MATTVSSQFSICFCVLLLVHDSMAQLFYPR,-1.28,Non-Toxin,0.06,0.91,-0.75,0.5,7.03,3409.5,0.6,0.57
TNPWHSPHQGSFSEYR,-0.83,Non-Toxin,-0.28,-1.72,-0.14,1,7.26,1930.25,0.51,1.06
LQAFESLQK,-1.58,Non-Toxin,-0.16,-0.33,0.01,0,6.35,1063.35,0.61,0.89
SEGGVTEYVDER,-1.02,Non-Toxin,-0.28,-1.14,0.8,-3,4.01,1340.53,0.67,0.92
NELFQHTGTFVIR,-0.58,Non-Toxin,-0.1,-0.15,-0.38,0.5,7.1,1561.96,0.61,0.92
IIQPQGLLVPR,-0.76,Non-Toxin,-0.01,0.52,-0.48,1,10.11,1233.7,0.6,0.73
YTNTLSMVYIIQGR,-0.85,Non-Toxin,-0.05,0.16,-0.71,1,8.93,1659.15,0.66,0.93
GTMGLTFLGCPATYQQQFQQFSPQWQSESQK,-1.41,Non-Toxin,-0.14,-0.78,-0.4,0,6.32,3553.42,0.61,0.87
IYQFR,-0.65,Non-Toxin,-0.22,-0.4,-0.68,1,9.1,725.91,0.69,1.4
QGDIIPLPAGVAHWFYNDGDAPVVTIYVYDINNR,-0.8,Non-Toxin,0,-0.01,-0.42,-2.5,4.14,3804.75,0.63,0.65
LVLLGDVGTGK,-1.3,Non-Toxin,0.1,0.95,-0.25,0,6.19,1071.46,0.64,0.36
SSLVLR,-1.01,Non-Toxin,-0.11,0.95,-0.25,1,10.11,673.89,0.58,1
FVK,-0.88,Non-Toxin,0.02,1.03,-0.33,1,9.11,392.53,0.69,0.67
GQFVEFQESTIGAAFFSQTLAVNDETVK,-1.12,Non-Toxin,-0.04,0.04,-0.16,-3,4.01,3064.77,0.64,0.68
FEIWDTAGQER,-0.79,Non-Toxin,-0.22,-1.04,0.33,-2,4.14,1351.59,0.65,1
YHSLAPMYYR,-0.83,Non-Toxin,-0.14,-0.65,-0.77,1.5,8.84,1300.63,0.55,0.9
GAAAAIVVYDITNAASFTR,-0.78,Non-Toxin,0.06,0.82,-0.46,0,6.19,1911.4,0.62,0.58
WVQELQAQGNPNTIMALAGNK,-0.59,Non-Toxin,-0.09,-0.42,-0.3,0,6.35,2283.92,0.63,0.81
TYAQENGLFFMETSAK,-0.01,Non-Toxin,-0.1,-0.43,-0.16,-1,4.54,1837.26,0.64,0.75
TAINVNDVFHEIAK,-1.15,Non-Toxin,-0.05,0.14,-0.11,-0.5,5.33,1570.97,0.62,0.71
LLQGQQAQDTPAGMVLNQRPAER,-1.11,Non-Toxin,-0.25,-0.82,0.13,0,6.42,2522.19,0.62,1
VSSASSTPPPPAFAAAAWAVVLLAMLR,-0.79,Non-Toxin,0.12,1.01,-0.64,1,10.11,2682.54,0.54,0.37
SDVALAAAASSNDDTGLSPLMPPPPLAAPVPAAVSPAPATPPAVLSPR,-0.55,Non-Toxin,0.02,0.31,-0.19,-2,3.94,4527.82,0.53,0.35
LLRPQGADVVGVGFVSGSGGGGGGDGVR,-0.98,Non-Toxin,0,0.22,-0.05,0,6.31,2528.22,0.65,0.5
VDDGCAGADDIAIYQGR,-0.99,Non-Toxin,-0.12,-0.2,0.31,-3,3.77,1739.08,0.67,0.65
ATPLPSGVPAYTVDVMNR,-0.82,Non-Toxin,-0.05,0.09,-0.29,0,6.19,1888.42,0.59,0.61
CGWFSSVSLVDPR,-0.74,Non-Toxin,-0.04,0.32,-0.37,0,6.16,1452.82,0.6,0.69
VFR,-1.15,Non-Toxin,-0.2,0.83,-0.33,1,10.11,420.54,0.69,1.33
LGHDDCLLNDGRPLLAGETVSFEYTNSFPYK,-0.77,Non-Toxin,-0.12,-0.42,-0.03,-2.5,4.43,3473.29,0.6,0.71
LSVSVATCVVDPAAP,-0.73,Non-Toxin,0.13,1.3,-0.47,-1,3.8,1428.86,0.57,0.27
MASMAPSAMVLIVLLVLVVLPSSTLCSR,-0.43,Non-Toxin,0.17,1.77,-0.8,1,8.6,2903.09,0.59,0.36
VPPPASVPPPPPPPPAPAALVR,-0.83,Non-Toxin,0.01,-0.04,-0.23,1,10.11,2121.84,0.47,0.23
ATCNSTSYYDLCVAELSADPSSATADVR,-0.82,Non-Toxin,-0.13,-0.08,-0.01,-3,3.84,2911.48,0.6,0.71
GLSSIAVSAAAANASGAAQAASALANATDAGTTAGVAGDGGGAVVQR,-0.94,Non-Toxin,0.04,0.53,-0.21,-1,4.21,4028.98,0.6,0.47
LLATCAAK,-0.86,Non-Toxin,0.07,1.36,-0.44,1,8.57,790.09,0.56,0.38
YGDAR,-0.7,Non-Toxin,-0.41,-1.58,0.64,0,6.19,580.65,0.67,1.2
DALAAAK,-0.83,Non-Toxin,-0.04,0.51,0.31,0,6.19,658.83,0.58,0.43
GSIAQQDYDMASVHVSAAAEYPQVCR,-0.21,Non-Toxin,-0.12,-0.2,-0.1,-1.5,4.54,2797.43,0.61,0.73
TLFGR,-0.8,Non-Toxin,-0.13,0.2,-0.34,1,10.11,592.76,0.62,1
QSPGDYPPELAATEVALR,-1.91,Non-Toxin,-0.14,-0.52,0.18,-2,4.14,1914.35,0.57,0.67
QLCSVALDIIALLSSSSN,-0.66,Non-Toxin,0.07,1.11,-0.52,-1,3.8,1834.38,0.6,0.56
LAAAAAAPHGVLLLLLILLPLVAAAGPAAAK,-0.86,Non-Toxin,0.26,1.81,-0.79,1.5,9.11,2872.06,0.52,0.1
AFADLIAASPDASSTYQSAAGGGITVFCPTDDAVR,-0.72,Non-Toxin,-0.01,0.31,-0.16,-3,3.77,3447.22,0.6,0.51
AFLPR,-1.12,Non-Toxin,-0.09,0.46,-0.36,1,10.11,602.79,0.56,0.8
NLTADGK,-0.75,Non-Toxin,-0.24,-0.91,0.5,0,6.19,717.87,0.64,0.86
AELLLFHAVPVYYSR,-1.31,Non-Toxin,0.05,0.67,-0.71,0.5,7.1,1778.3,0.56,0.6
GSLK,-1.12,Non-Toxin,-0.17,-0.33,0.38,1,9.11,403.53,0.6,0.75
SNNGVMNTLATDGAAK,-0.8,Non-Toxin,-0.12,-0.35,0,0,6.19,1563.93,0.64,0.75
NYNFTVQNEGDAVTIK,-1.36,Non-Toxin,-0.16,-0.66,-0.07,-1,4.38,1813.19,0.68,0.94
STVVDADPVAIFTVDAVIEPVELFKPAPSPTPAPSPAPAADAPK,-0.64,Non-Toxin,0.01,0.24,0,-4,3.96,4397.6,0.56,0.36
WFAAALAAVAMASTLA,-0.81,Non-Toxin,0.27,1.78,-1.03,0,5.88,1565.07,0.56,0.19
LHLVVVAMAALFAAAAVAQGPSASPTPAPK,-1.57,Non-Toxin,0.14,1.04,-0.58,1.5,9.11,2857.83,0.54,0.27
FDHLQAFKPIR,-1.1,Non-Toxin,-0.18,-0.41,-0.04,1.5,9.1,1371.76,0.57,0.91
GLLLPHYSNGVTLVYIIQGR,-0.71,Non-Toxin,0.06,0.55,-0.78,1.5,8.94,2213.94,0.59,0.65
GVTGPTFPGCPQAYQQ,-0.61,Non-Toxin,-0.04,-0.49,-0.5,0,5.84,1651.06,0.59,0.56
IFVILSLLALAASSASAQFDACTYGQCQQQPFMQPIMNPCNEFVR,-0.29,Non-Toxin,0,0.46,-0.56,-1,4.38,4954.43,0.62,0.62
QQCSPMSLPWEQSR,-0.22,Non-Toxin,-0.3,-1.2,0,0,6.32,1677.08,0.58,1.07
LQLSSCQVMR,-0.74,Non-Toxin,-0.18,0.31,-0.34,1,8.6,1164.55,0.63,1
YCSTPCK,-1.06,Non-Toxin,-0.22,-0.47,-0.2,1,8.36,801.02,0.58,0.71
VATGHCGSW,-1.33,Non-Toxin,0.08,0.23,-0.78,0.5,7.06,917.13,0.53,0.44
IIFVFALLAIAACSASAQFDVLGQSYR,-0.98,Non-Toxin,0.14,1.33,-0.75,0,6.15,2875.77,0.62,0.48
QYQLQSPVLLQQHVLSPYNEFVR,-1.33,Non-Toxin,-0.14,-0.39,-0.5,0.5,7.1,2787.54,0.59,0.96
QQYGIAASPFLQSAAFQLR,-1.13,Non-Toxin,-0.05,0.08,-0.54,1,9.1,2096.65,0.6,0.79
NNQVWQTR,-0.99,Non-Toxin,-0.46,-1.99,-0.19,1,10.11,1045.24,0.66,1.75
AGGQQSHYQDINIVQAIAQQLQLQQFGDLYFDR,-1.37,Non-Toxin,-0.14,-0.54,-0.29,-1.5,4.42,3794.69,0.64,0.94
NLAQAQALLAFNVPSR,-1.15,Non-Toxin,-0.06,0.29,-0.46,1,10.11,1713.2,0.59,0.81
YGIYPR,-1.49,Non-Toxin,-0.15,-0.77,-0.57,1,8.93,767.96,0.64,1
YYGAPSTITTLGGVL,-1.37,Non-Toxin,0.15,0.65,-0.86,0,5.87,1512.95,0.59,0.4
QYQLQSPVLLQQQVLSPYNEFVR,-1.15,Non-Toxin,-0.15,-0.4,-0.47,0,6.35,2778.53,0.62,1
NNQVWQQLAGGAQSHYQDINIVQAIAQQLQLQQFGDLYFDR,-1.49,Non-Toxin,-0.14,-0.56,-0.39,-1.5,4.42,4748.88,0.64,0.98
QEQEQGQMQSREHY,-0.82,Non-Toxin,-0.52,-2.59,0.66,-1.5,4.76,1778.06,0.63,1.43
CTMRVRQNIDNPNRADT,-0.81,Non-Toxin,-0.47,-1.33,0.52,1,8.6,2004.46,0.66,1.41
YNPRAGRVTN,-1.19,Non-Toxin,-0.41,-1.4,0.17,2,10.84,1147.39,0.64,1.4
VQMSAVKVNL,-0.74,Non-Toxin,0,0.84,-0.44,1,9.11,1088.48,0.66,0.7
VVVKKAQREGCA,-0.8,Non-Toxin,-0.25,-0.08,0.48,2,9.36,1287.71,0.65,0.92
KTNPNSMVSHIAGKSSI,-0.44,Non-Toxin,-0.15,-0.41,-0.01,2.5,10.02,1771.27,0.59,0.82
RALPTDV,-0.8,Non-Toxin,-0.2,-0.07,0.26,0,6.19,770.97,0.58,0.86
RISREEAQRL,-0.8,Non-Toxin,-0.6,-1.47,1.14,1,9.86,1257.55,0.64,1.7
KS,-0.8,Non-Toxin,-0.68,-2.35,1.65,1,9.11,233.28,0.6,1.5
LQSPRG,-1.13,Non-Toxin,-0.35,-1.17,0.28,1,10.11,656.82,0.58,1.17
FRGDQDSRHQCRF,-0.82,Non-Toxin,-0.56,-1.83,0.71,1.5,8.61,1651.95,0.63,1.54
EATHQQRSEAG,-0.83,Non-Toxin,-0.41,-1.82,0.71,-0.5,5.41,1213.38,0.56,1.18
RCAGVSVRRLVVESKG,-0.84,Non-Toxin,-0.26,0.1,0.39,3,10.77,1716.26,0.64,1.06
QSVRSPFEQEVATAGEAQSSIQKMRDEHQQL,-0.9,Non-Toxin,-0.31,-1.09,0.44,-1.5,4.97,3516.28,0.61,1.06
LDPKRRVCVHM,-0.79,Non-Toxin,-0.35,-0.42,0.4,2.5,9.55,1353.82,0.59,1.09
NDNKM,-1.02,Non-Toxin,-0.57,-2.5,1.02,0,6.19,620.74,0.75,1.4
FRDEHQKIHRFQQGDVVAL,-1.22,Non-Toxin,-0.29,-0.87,0.29,1,7.26,2323.89,0.61,1.11
MKVVAI,-0.8,Non-Toxin,0.2,2.12,-0.6,1,9.11,659.97,0.68,0.33
LDPRHRDFF,-0.41,Non-Toxin,-0.41,-1.27,0.52,0.5,7.1,1202.45,0.57,1.22
AGNNKISQQ,-0.86,Non-Toxin,-0.32,-1.42,0.2,1,9.11,959.16,0.67,1.22
GISSGVARQ,-0.79,Non-Toxin,-0.13,0.01,0,1,10.11,874.09,0.63,0.89
LQCQNDQRGEIVRVVEHG,-0.8,Non-Toxin,-0.3,-0.78,0.34,-0.5,5.46,2080.59,0.64,1.11
PAANAPSAVTPSAVTPSSVSAPTGAPAASST,-0.77,Non-Toxin,0.01,0.22,-0.27,0,5.88,2723.34,0.52,0.42
WHSPRQGS,-1.16,Non-Toxin,-0.36,-1.96,-0.01,1.5,10.11,954.12,0.5,1.25
LRKVRSKAGVTE,-0.74,Non-Toxin,-0.4,-0.68,0.8,3,11.01,1343.76,0.63,1.25
VIRRVIQPQG,-0.85,Non-Toxin,-0.23,-0.06,-0.02,2,12.01,1165.56,0.66,1.2
IIQGRGSMG,-0.89,Non-Toxin,-0.06,0.1,-0.16,1,10.11,918.22,0.68,0.78
RDEHQKIHQ,-0.79,Non-Toxin,-0.63,-2.7,1.07,1,7.26,1190.42,0.54,1.56
FRQGDVVAL,-0.81,Non-Toxin,-0.06,0.54,-0.18,0,6.19,1004.28,0.66,0.78
LEPTQKE,-0.48,Non-Toxin,-0.39,-1.84,1,-1,4.54,844.03,0.59,1
AGNNKRVQQV,-0.81,Non-Toxin,-0.4,-1.26,0.33,2,11.01,1113.39,0.68,1.4
GINTVAAKRLQSQNDQRGEIIHVKNGL,0.11,Toxin,-0.24,-0.65,0.21,2.5,10,2960.78,0.64,1.07
STRKIATIKF,-0.82,Non-Toxin,-0.23,-0.09,0.19,3,11.17,1164.55,0.62,1.1
FKPIHTVRSQADTTEV,-0.8,Non-Toxin,-0.22,-0.57,0.19,0.5,7.1,1829.27,0.58,0.94
VVRRVIEPRG,-0.7,Non-Toxin,-0.35,-0.19,0.57,2,11.7,1180.56,0.66,1.3
IIQGRGVTGPTF,-0.67,Non-Toxin,0.02,0.32,-0.43,1,10.11,1245.63,0.64,0.67
MMRRPAPVL,-0.74,Non-Toxin,-0.2,0.16,-0.04,2,12.01,1070.5,0.6,0.89
AVAASTAAAAAIEGEVKCGGCSPCGGADCPVLY,-0.82,Non-Toxin,0.07,0.72,-0.2,-2,4.14,3013.87,0.6,0.27
GGGAQSGRGPLY,-0.47,Non-Toxin,-0.1,-0.68,-0.09,1,9.1,1119.38,0.62,0.67
PQDPGFMPSSAPSSHGSRAVRL,-0.92,Non-Toxin,-0.19,-0.64,0.1,1.5,9.95,2281.83,0.55,0.77
VAATAAAADVVVRDDEKCAACGL,-1.12,Non-Toxin,-0.04,0.72,0.17,-2,4.23,2219.81,0.62,0.48
RAVV,-0.93,Non-Toxin,-0.11,1.43,-0.12,1,10.11,443.59,0.65,1
MQKEKKNMRNPSQM,-0.44,Non-Toxin,-0.56,-2.17,0.87,3,10.3,1750.29,0.68,1.43
RVAI,-0.61,Non-Toxin,-0.06,1.5,-0.2,1,10.11,457.62,0.65,1
GRVIGGSKCKC,-0.84,Non-Toxin,-0.22,-0.05,0.36,3,9.53,1107.51,0.66,0.82
LMCVCDVDPHPLPPSRHHPPPPEEPEPEPTPVNHHYPPPTTPAY,-1.2,Non-Toxin,-0.16,-1.07,0.03,-2.5,5.22,4924.16,0.47,0.52
PQVRG,-0.98,Non-Toxin,-0.36,-1.16,0.34,1,10.11,555.7,0.62,1.2
YIRSAAAHRRRPGHGGL,-0.8,Non-Toxin,-0.33,-0.92,0.23,5,12.01,1875.37,0.54,1.18
LVRL,-0.81,Non-Toxin,-0.04,1.82,-0.52,1,10.11,499.71,0.61,1
VDSKD,-0.85,Non-Toxin,-0.45,-1.5,1.56,-1,4.21,562.63,0.69,1
IDASSTPKVVT,-0.68,Non-Toxin,-0.06,0.25,0.05,0,6.19,1117.41,0.59,0.64
DKNPDNHP,-1.02,Non-Toxin,-0.55,-3.04,1.11,-0.5,5.22,936.05,0.56,1.12
FQSSAAKAML,-0.8,Non-Toxin,-0.02,0.49,-0.33,1,9.11,1053.37,0.6,0.6
KDKEIK,-0.8,Non-Toxin,-0.65,-2.37,2.2,1,8.83,759.98,0.7,1.33
REDQVP,-0.97,Non-Toxin,-0.55,-2.07,1.28,-1,4.38,742.86,0.64,1.33
LIIIQDGDSKK,-0.88,Non-Toxin,-0.16,-0.2,0.48,0,6.31,1229.61,0.67,0.82
FLKAHVEPDQIVS,-0.47,Non-Toxin,-0.05,0.1,-0.05,-0.5,5.33,1482.89,0.58,0.62
KQ,-0.9,Non-Toxin,-0.9,-3.7,1.6,1,9.11,274.34,0.68,2
FRKSEPIPEVNDEPVKVVVADNVHD,-0.47,Non-Toxin,-0.21,-0.59,0.54,-2.5,4.59,2833.51,0.62,0.8
KSGKNVL,-0.97,Non-Toxin,-0.27,-0.64,0.46,2,10.02,744.99,0.65,1
WCGHCKK,-0.8,Non-Toxin,-0.28,-1.04,0.01,2.5,8.98,861.14,0.54,0.86
KSDEDVVIAKMDATANDVPSE,-1.15,Non-Toxin,-0.21,-0.56,0.73,-4,3.96,2234.7,0.65,0.71
VTPSGKMVP,-0.8,Non-Toxin,-0.02,0.14,-0.16,1,9.11,915.24,0.59,0.44
YESGRTADEIVD,-1.16,Non-Toxin,-0.27,-0.93,0.73,-3,3.92,1354.55,0.66,0.92
IKKNKETAGQAKEKAESAPAEP,-1.05,Non-Toxin,-0.35,-1.46,1.05,1,8.71,2325.91,0.61,0.91
LKDEL,-0.68,Non-Toxin,-0.28,-0.66,1.08,-1,4.38,616.78,0.64,0.8
PRTNP,-0.56,Non-Toxin,-0.54,-2.38,0.56,1,10.11,583.7,0.54,1.4
QKVRSEGGVTE,-0.8,Non-Toxin,-0.35,-1.16,0.83,0,6.49,1189.45,0.66,1.09
VDERNEL,-1.03,Non-Toxin,-0.47,-1.5,1.27,-2,4.14,874.01,0.68,1.29
VIRRIIQPQG,-0.77,Non-Toxin,-0.21,-0.03,-0.05,2,12.01,1179.59,0.66,1.2
LVPRY,-0.26,Non-Toxin,-0.15,0.12,-0.52,1,9.1,646.85,0.59,1
IIQGRGTMG,-0.64,Non-Toxin,-0.05,0.11,-0.23,1,10.11,932.25,0.68,0.78
RGEHQKI,-1.06,Non-Toxin,-0.53,-2.07,0.99,1.5,9.1,867.08,0.59,1.43
RQGDIIPLPAGVAH,-0.8,Non-Toxin,-0.03,0.14,-0.16,0.5,7.1,1443.88,0.56,0.57
MAANPGNKIRNAK,-0.49,Non-Toxin,-0.31,-1,0.38,3,11.17,1384.8,0.65,1.08
GDVGTGKSSL,-0.72,Non-Toxin,-0.1,-0.29,0.29,0,6.19,920.13,0.63,0.6
RGAAAAIVV,-0.8,Non-Toxin,0.13,1.69,-0.42,1,10.11,827.11,0.62,0.44
TRAKK,-0.94,Non-Toxin,-0.78,-2.24,1.62,3,11.17,602.79,0.62,1.8
AGNKADMVEARQVPAEEAKT,-1.18,Non-Toxin,-0.27,-0.83,0.71,-1,4.88,2115.62,0.63,0.85
METSAKTAINVNDV,-1.24,Non-Toxin,-0.13,-0.12,0.13,-1,4.38,1492.86,0.65,0.79
HEIAKRLLQGQQAQDTPAGMV,-0.16,Non-Toxin,-0.19,-0.58,0.1,0.5,7.1,2291.94,0.6,0.86
NQRPAERMVSSSSCCS,-0.8,Non-Toxin,-0.36,-0.76,0.35,1,8.39,1742.13,0.61,1.12
RSDVA,-0.75,Non-Toxin,-0.39,-0.56,0.86,0,6.19,546.63,0.64,1.2
LSPRK,-1.04,Non-Toxin,-0.53,-1.4,0.9,2,11.01,599.79,0.56,1.4
VSGSGGGGGGDGVRTRRVDDGCAGADDIAI,-0.84,Non-Toxin,-0.14,-0.26,0.45,-2,4.29,2748.33,0.66,0.67
VDPRV,-0.78,Non-Toxin,-0.29,-0.24,0.6,0,6.19,584.73,0.64,1
FRRLGHDDC,-0.53,Non-Toxin,-0.45,-1.17,0.69,0.5,7.07,1118.35,0.6,1.22
CSRAGPSSKHGHGGGHAKRVPPPASVPPPPPPPPAPAA,-0.8,Non-Toxin,-0.14,-0.81,0.12,5.5,11.02,3622.65,0.48,0.5
VRATCNSTS,-0.73,Non-Toxin,-0.27,-0.28,0,1,8.6,938.13,0.6,1.11
SADPSSATADVRG,-1.1,Non-Toxin,-0.21,-0.54,0.5,-1,4.21,1233.41,0.59,0.77
ANATDAGTTAGVAGDGGGAVVQRL,-0.62,Non-Toxin,-0.02,0.18,-0.05,-1,4.21,2129.62,0.63,0.54
GDARDAL,-0.65,Non-Toxin,-0.29,-0.64,0.89,-1,4.21,716.83,0.64,0.86
AAAKGSIAQQD,-1.18,Non-Toxin,-0.14,-0.35,0.26,0,6.19,1059.29,0.62,0.73
PQVCRT,-0.79,Non-Toxin,-0.35,-0.6,0.05,1,8.6,702.9,0.6,1.17
GRQSPGDYPPEL,-0.76,Non-Toxin,-0.28,-1.58,0.45,-1,4.38,1315.57,0.58,0.83
RQ,-0.6,Non-Toxin,-1.23,-4,1.6,1,10.11,302.35,0.68,3
MRRLRL,-1.21,Non-Toxin,-0.66,-0.67,0.68,3,12.31,844.17,0.65,2
LVAAAGPAAAKAPAAPPAPPNVTTAMAKGGCKA,-0.85,Non-Toxin,0.03,0.38,-0.16,3,9.81,2942.93,0.55,0.3
FCPTDDAVRA,-1.04,Non-Toxin,-0.18,-0.07,0.26,-1,4.21,1094.32,0.61,0.7
KN,-0.87,Non-Toxin,-0.87,-3.7,1.6,1,9.11,260.31,0.72,2
LTADGKAEL,-0.95,Non-Toxin,-0.1,-0.09,0.44,-1,4.38,917.15,0.6,0.56
KSNNGVMNT,-0.81,Non-Toxin,-0.28,-1.13,0.08,1,9.11,964.19,0.69,1.11
ATDGAAKN,-0.58,Non-Toxin,-0.22,-0.82,0.54,0,6.19,746.87,0.62,0.75
TVQNEGDAVTIKTAASGDAARVKSTVVDADPVAI,-0.98,Non-Toxin,-0.1,0.09,0.21,-2,4.37,3371.2,0.63,0.68
GAPPCVRW,-0.65,Non-Toxin,-0.07,-0.06,-0.42,1,8.6,885.15,0.55,0.62
MARL,-0.88,Non-Toxin,-0.18,0.75,-0.15,1,10.11,489.68,0.63,1
FKPIRTVRSQADTTEV,-0.8,Non-Toxin,-0.3,-0.65,0.41,1,9.1,1848.31,0.62,1.12
VRQQCSPMSL,-0.81,Non-Toxin,-0.24,-0.23,-0.16,1,8.6,1148.5,0.61,1
WEQSRRLQL,-0.92,Non-Toxin,-0.48,-1.51,0.3,1,9.95,1215.51,0.61,1.67
SSCQVMRQQCCQQMRL,-0.92,Non-Toxin,-0.36,-0.55,-0.08,2,8.82,1929.53,0.65,1.25
CSTPCKVATGHCGS,-0.82,Non-Toxin,-0.09,0.07,-0.19,1.5,8.26,1350.73,0.54,0.5
QTRAGGQQSH,-0.77,Non-Toxin,-0.41,-1.87,0.25,1.5,10.11,1069.25,0.57,1.3
DRN,-0.78,Non-Toxin,-1.04,-3.83,2.07,0,6.19,403.42,0.73,2.33
MQPI,-0.77,Non-Toxin,0.06,0.32,-0.73,0,5.88,487.67,0.63,0.5
MNPCNE,-0.76,Non-Toxin,-0.28,-1.28,0.18,-1,4,706.86,0.66,0.83
RQQCSPMSL,-0.66,Non-Toxin,-0.32,-0.72,-0.01,1,8.6,1049.35,0.6,1.11
QSRRL,-0.83,Non-Toxin,-0.79,-1.9,0.94,2,12.01,658.82,0.62,2.2
SSCQV,-0.7,Non-Toxin,-0.13,0.32,-0.34,0,5.85,522.63,0.61,0.8
MRQQCCQQMRL,-0.79,Non-Toxin,-0.47,-0.95,0.04,2,9.1,1424.9,0.67,1.45
HCQA,-0.88,Non-Toxin,-0.2,-0.6,-0.45,0.5,7.06,457.55,0.46,0.75
QSI,-0.8,Non-Toxin,-0.07,0.07,-0.43,0,5.88,346.42,0.64,1
MQQV,-0.8,Non-Toxin,-0.14,-0.22,-0.6,0,5.88,504.66,0.71,1
PQA,-0.85,Non-Toxin,-0.17,-1.1,-0.1,0,5.88,314.37,0.52,0.67
PSMCGV,-0.87,Non-Toxin,0.11,0.97,-0.58,0,5.85,592.8,0.61,0.17
CST,-0.8,Non-Toxin,-0.13,0.33,-0.37,0,5.85,309.36,0.56,0.67
PCKV,-0.9,Non-Toxin,-0.15,0.3,0.12,1,8.57,445.62,0.59,0.5
GHCGSW,-0.82,Non-Toxin,0.01,-0.53,-0.77,0.5,7.06,645.77,0.5,0.5
ASLQEQEQGQMQSREHY,-0.97,Non-Toxin,-0.4,-1.85,0.42,-1.5,4.76,2049.42,0.61,1.24
QEGGY,-0.63,Non-Toxin,-0.19,-1.82,0.18,-1,4,552.61,0.68,0.8
GSGCPNGLDETF,-0.81,Non-Toxin,-0.07,-0.48,0.07,-2,3.67,1196.42,0.63,0.5
CTMRVRQNIDNPNRADTY,-0.26,Non-Toxin,-0.44,-1.33,0.37,1,8.57,2167.65,0.66,1.39
NPRAGRVTNLNSQNFPILNLVQMSAVKVNLY,-1.3,Non-Toxin,-0.13,-0.11,-0.36,3,11.01,3472.51,0.64,0.97
QNALLSPF,-0.81,Non-Toxin,0.03,0.35,-0.74,0,5.88,889.13,0.58,0.62
NINAHSIVY,-1.1,Non-Toxin,0.04,0.3,-0.86,0.5,7.09,1030.28,0.6,0.78
NGELRRGQLLIVPQHY,-0.27,Non-Toxin,-0.21,-0.61,-0.12,1.5,9.1,1893.44,0.6,1.06
VVVKKAQREGCAY,-0.82,Non-Toxin,-0.23,-0.18,0.26,2,9.25,1450.9,0.66,0.92
IAF,-0.62,Non-Toxin,0.53,3.03,-1.6,0,5.88,349.46,0.64,0
KTNPNSMVSHIAGKSSIF,-0.9,Non-Toxin,-0.1,-0.23,-0.15,2.5,10.02,1918.46,0.59,0.78
RALPTDVLANAY,-0.63,Non-Toxin,-0.08,0.17,-0.26,0,6.19,1303.64,0.59,0.75
RISREEAQRLKHNRGDEF,-0.81,Non-Toxin,-0.58,-1.91,1.14,1.5,9.1,2241.71,0.63,1.56
GAF,-0.83,Non-Toxin,0.34,1.4,-1,0,5.88,293.35,0.63,0
TPLQY,-0.82,Non-Toxin,-0.08,-0.66,-0.86,0,5.88,620.77,0.56,0.8
QDVY,-0.67,Non-Toxin,-0.21,-1.02,-0.15,-1,3.8,523.59,0.71,1
MASMSTILPLCLGLLLF,-0.82,Non-Toxin,0.28,1.99,-1.12,0,5.85,1823.61,0.58,0.18
QVSMAQF,-0.8,Non-Toxin,0,0.41,-0.73,0,5.88,810.03,0.66,0.71
GGSPLQSPRGF,-0.99,Non-Toxin,-0.14,-0.67,-0.05,1,10.11,1102.37,0.58,0.73
EHLTALEATHQQRSEAGF,-0.96,Non-Toxin,-0.21,-0.84,0.18,-1,5.33,2025.43,0.54,0.89
TEY,-1.15,Non-Toxin,-0.26,-1.83,0.1,-1,4,411.44,0.64,1
RCAGVSVRRLVVESKGLVLPMY,-0.89,Non-Toxin,-0.11,0.56,-0.11,3,10.06,2433.3,0.63,0.82
ANAHKLVY,-0.74,Non-Toxin,-0.07,-0.04,-0.49,1.5,8.94,915.17,0.55,0.75
GMALPGCPETF,-1.07,Non-Toxin,0.1,0.42,-0.41,-1,4,1122.47,0.59,0.18
QSVRSPF,-0.8,Non-Toxin,-0.27,-0.6,-0.03,1,10.11,820,0.6,1.14
EQEVATAGEAQSSIQKMRDEHQQLHQF,-0.96,Non-Toxin,-0.3,-1.24,0.41,-2,4.93,3126.78,0.6,1.04
HQGDVIAVPAGVAHW,-0.85,Non-Toxin,0.1,0.39,-0.6,0,5.99,1556.97,0.53,0.4
NNGDSPVVAF,-0.8,Non-Toxin,-0.02,-0.03,-0.23,-1,3.8,1019.21,0.65,0.6
TVIDTSNNANQLDPKRRVCVHMLHTSIMNIPY,0.04,Toxin,-0.18,-0.32,-0.17,2,8.54,3682.74,0.6,0.94
NDNKMLMCIVY,-0.79,Non-Toxin,-0.07,0.28,-0.42,0,6.15,1343.8,0.71,0.73
EMINGLGVF,-1.24,Non-Toxin,0.19,1.04,-0.63,-1,4,979.3,0.69,0.33
LGW,-0.48,Non-Toxin,0.35,0.83,-1.73,0,5.88,374.48,0.57,0.33
QSEQDQQLEGQSQSHKF,-0.79,Non-Toxin,-0.42,-2.05,0.55,-1.5,4.66,2004.32,0.61,1.24
RDEHQKIHRF,-0.6,Non-Toxin,-0.61,-2.25,0.99,2,9.1,1365.66,0.56,1.6
QQGDVVALPAGVAHW,-1.42,Non-Toxin,0.07,0.32,-0.55,-0.5,5.09,1547.96,0.57,0.47
MKVVAIY,-1.32,Non-Toxin,0.18,1.63,-0.84,1,8.94,823.16,0.68,0.43
VTDIY,-0.8,Non-Toxin,0.08,0.64,-0.6,-1,3.8,609.74,0.68,0.6
NSAHQLDPRHRDF,-0.76,Non-Toxin,-0.46,-1.8,0.53,1,7.26,1592.87,0.54,1.31
LAGNNKISQQLY,-0.79,Non-Toxin,-0.15,-0.54,-0.34,1,8.94,1348.71,0.65,1
SVELLSEALGISSGVARQLQCQNDQRGEIVRVVEHG,-0.9,Non-Toxin,-0.16,-0.14,0.15,-1.5,4.97,3878.9,0.63,0.89
ASPPAPPTDAPAANAPSAVTPSAVTPSSVSAPTGAPAASSTY,-0.92,Non-Toxin,-0.01,-0.01,-0.22,-1,3.8,3791.63,0.52,0.4
TATASF,-0.79,Non-Toxin,0.08,0.7,-0.67,0,5.88,596.7,0.56,0.5
VAVAGAVAAAIVF,-0.85,Non-Toxin,0.4,2.65,-1.02,0,5.88,1158.58,0.62,0
MATTIF,-0.68,Non-Toxin,0.25,1.6,-1.15,0,5.88,682.91,0.63,0.33
SIY,-1.07,Non-Toxin,0.16,0.8,-1.27,0,5.88,381.46,0.64,0.67
CVMLLCQGSMAQLF,-0.47,Non-Toxin,0.15,1.49,-0.99,0,5.82,1544.15,0.63,0.36
NPSTNPW,-0.93,Non-Toxin,-0.21,-1.8,-0.44,0,5.88,814.94,0.54,1
DRLQAF,-0.84,Non-Toxin,-0.3,-0.52,0.23,0,6.19,748.91,0.65,1.17
EPLRKVRSKAGVTEY,-1.29,Non-Toxin,-0.36,-0.97,0.69,2,9.72,1733.21,0.62,1.13
DENNELF,-0.9,Non-Toxin,-0.3,-1.56,0.73,-3,3.58,879.97,0.7,1
QCTGTF,-0.67,Non-Toxin,-0.04,0,-0.68,0,5.85,655.8,0.62,0.67
VIRRVIQPQGLLVPQY,-0.86,Non-Toxin,-0.09,0.3,-0.46,2,10.84,1879.54,0.63,0.94
SNTTGLVY,-0.81,Non-Toxin,0,0.07,-0.74,0,5.88,854.04,0.62,0.75
IIQGRGSMGLTFPGCPATY,-0.76,Non-Toxin,0.03,0.29,-0.54,1,8.57,1969.59,0.61,0.53
RDEHQKIHQF,-0.8,Non-Toxin,-0.5,-2.15,0.71,1,7.26,1337.61,0.56,1.4
RQGDVVALPAGVAHW,-1.32,Non-Toxin,0,0.25,-0.37,0.5,7.1,1576.01,0.57,0.6
NDGDASVVAIY,-1.37,Non-Toxin,0.01,0.32,-0.15,-2,3.57,1123.33,0.67,0.55
VY,-0.93,Non-Toxin,0.28,1.45,-1.9,0,5.88,280.34,0.7,0.5
DINNSANQLEPTQKEF,-0.8,Non-Toxin,-0.3,-1.38,0.39,-2,4.14,1848.19,0.64,1.06
LLAGNNKRVQQVY,-1.45,Non-Toxin,-0.23,-0.48,-0.2,2,10.01,1502.94,0.66,1.15
GSSIEQHSGQNIF,-0.56,Non-Toxin,-0.11,-0.66,-0.16,-0.5,5.25,1403.67,0.6,0.85
GTELLSEALGINTVAAKRLQSQNDQRGEIIHVKNGLQLLKPTLTQ,-0.64,Non-Toxin,-0.17,-0.35,0.06,1.5,8.84,4898.35,0.61,0.91
STRKIATIKFPVVF,-1.06,Non-Toxin,-0.05,0.62,-0.26,3,11.17,1607.17,0.62,0.79
SAICLF,0.11,Toxin,0.32,2.43,-1.22,0,5.85,652.88,0.6,0.17
LLCHGSLAQF,-0.78,Non-Toxin,0.13,1.06,-0.94,0.5,7.06,1088.44,0.53,0.4
LSQSTSQW,-0.98,Non-Toxin,-0.18,-0.9,-0.54,0,5.88,936.1,0.56,1.12
DHLQAF,-0.75,Non-Toxin,-0.07,-0.3,-0.35,-0.5,5.09,729.87,0.53,0.67
KPIHTVRSQADTTEVY,-1.51,Non-Toxin,-0.26,-0.82,0.2,0.5,7.1,1845.27,0.58,1
DISNKLF,-0.96,Non-Toxin,-0.12,-0.09,0.06,0,6.19,836.05,0.67,0.86
QCTGVF,-1.09,Non-Toxin,0.08,0.82,-0.87,0,5.85,653.83,0.65,0.5
VVRRVIEPRGLLLPHY,-0.86,Non-Toxin,-0.14,0.21,-0.16,2.5,10.75,1917.58,0.58,0.94
SNGATLVY,-0.49,Non-Toxin,0.05,0.39,-0.75,0,5.88,824.01,0.62,0.62
IIQGRGVTGPTFPGCPEAY,-0.73,Non-Toxin,0,-0.02,-0.32,0,6.32,1963.52,0.61,0.53
SPPPPAY,-0.81,Non-Toxin,-0.04,-0.96,-0.36,0,5.88,727.89,0.46,0.29
YPGSY,-0.62,Non-Toxin,-0.03,-1.08,-0.86,0,5.87,585.67,0.59,0.6
CPPPPAAY,-0.83,Non-Toxin,0.04,-0.2,-0.54,0,5.84,815.04,0.47,0.12
VQF,-0.91,Non-Toxin,0.15,1.17,-1.27,0,5.88,392.49,0.69,0.67
GGGAQSGRGPLYPQDPGF,-0.77,Non-Toxin,-0.11,-0.88,-0.02,0,6.19,1761.15,0.61,0.61
MPSSAPSSHGSRAVRLF,-0.79,Non-Toxin,-0.16,-0.21,-0.06,2.5,12.01,1787.25,0.54,0.82
TACAAF,-0.9,Non-Toxin,0.2,1.67,-0.9,0,5.85,582.73,0.57,0.17
ASLW,-0.75,Non-Toxin,0.22,0.97,-1.35,0,5.88,475.59,0.52,0.5
LW,-0.72,Non-Toxin,0.45,1.45,-2.6,0,5.88,317.41,0.52,0.5
LQLPCSLLLVIMLVAATAAAADVVVRDDEKCAACGLPSPCGTTCTY,-0.26,Non-Toxin,0.05,0.95,-0.38,-2,4.23,4669.22,0.59,0.41
ASPPPPDVLPTPVY,-0.79,Non-Toxin,0.02,-0.14,-0.34,-1,3.8,1449.85,0.51,0.29
YPPPPPVY,-0.85,Non-Toxin,0.03,-0.8,-0.76,0,5.87,929.18,0.49,0.25
YPPPSPPPVAYPPPTTPSTNCPPPPY,-0.87,Non-Toxin,-0.07,-0.96,-0.4,0,5.84,2732.44,0.48,0.38
NPTPSY,-0.94,Non-Toxin,-0.2,-1.58,-0.37,0,5.88,677.78,0.54,0.83
NPTPGY,-0.99,Non-Toxin,-0.13,-1.52,-0.42,0,5.88,647.76,0.57,0.67
NPTPSGW,-0.93,Non-Toxin,-0.1,-1.36,-0.47,0,5.88,757.89,0.53,0.71
TPPNMPSY,-0.89,Non-Toxin,-0.13,-1.15,-0.44,0,5.88,906.12,0.55,0.62
LTPPGTLYPQDPGF,-0.95,Non-Toxin,0,-0.46,-0.43,-1,3.8,1502.89,0.55,0.43
RPNAAAGGAASW,-0.64,Non-Toxin,-0.07,-0.26,-0.2,1,10.11,1128.36,0.57,0.67
RAVVLAAAAVAGALAL,-0.24,Non-Toxin,0.23,2.09,-0.68,1,10.11,1436.98,0.58,0.25
SLPPPAQPY,-1.33,Non-Toxin,-0.05,-0.71,-0.46,0,5.88,969.22,0.49,0.44
GQYPYPYPSQGQAGAAY,-1.28,Non-Toxin,-0.07,-1.01,-0.58,0,5.87,1818.17,0.59,0.65
WPPSTPAEMYPQVRGY,-0.82,Non-Toxin,-0.14,-0.96,-0.32,0,6.35,1879.34,0.57,0.75
IRSAAAHRRRPGHGGLSSRLVVVSVLLVSGLMPLLV,-1.26,Non-Toxin,-0.05,0.72,-0.3,6,12.61,3776.13,0.57,0.75
DAAVERPLVRLF,-0.9,Non-Toxin,-0.14,0.4,0.16,0,6.42,1385.79,0.61,0.83
DELLVDSKDF,0.05,Toxin,-0.19,-0.41,0.77,-3,3.84,1180.41,0.66,0.7
DVTALEKF,-0.9,Non-Toxin,-0.09,0.12,0.29,-1,4.38,922.15,0.64,0.62
IDASSTPKVVTF,-0.37,Non-Toxin,-0.01,0.46,-0.17,0,6.19,1264.6,0.6,0.58
LLKF,-0.86,Non-Toxin,0.14,1.62,-0.78,1,9.11,519.74,0.61,0.5
QSSAAKAMLF,-0.81,Non-Toxin,-0.02,0.49,-0.33,1,9.11,1053.37,0.6,0.6
LNF,-0.91,Non-Toxin,0.17,1.03,-1.37,0,5.88,392.49,0.66,0.67
STGPF,-0.85,Non-Toxin,0.05,-0.14,-0.52,0,5.88,507.6,0.56,0.4
ESF,-0.72,Non-Toxin,-0.09,-0.5,0.27,-1,4,381.41,0.64,0.67
GAAEEF,-0.8,Non-Toxin,0.01,-0.17,0.42,-2,3.8,622.7,0.63,0.33
KDKEIKF,-0.71,Non-Toxin,-0.47,-1.63,1.53,1,8.83,907.17,0.7,1.14
LIGDLEASQGAF,-1.13,Non-Toxin,0.08,0.53,-0.2,-2,3.67,1220.52,0.63,0.42
GLREDQVPLIIIQDGDSKKF,-0.66,Non-Toxin,-0.19,-0.42,0.43,-1,4.69,2271.91,0.66,0.85
LKAHVEPDQIVSW,-1.24,Non-Toxin,-0.07,-0.18,-0.12,-0.5,5.33,1521.93,0.56,0.69
LKQY,-0.8,Non-Toxin,-0.31,-1.23,-0.22,1,8.94,550.71,0.65,1.25
DGKLSPF,-0.88,Non-Toxin,-0.12,-0.51,0.29,0,6.19,762.95,0.61,0.57
RKSEPIPEVNDEPVKVVVADNVHDF,-0.77,Non-Toxin,-0.21,-0.59,0.54,-2.5,4.59,2833.51,0.62,0.8
VF,-0.76,Non-Toxin,0.57,3.5,-2,0,5.88,264.34,0.7,0
KSGKNVLVEF,-0.68,Non-Toxin,-0.13,-0.1,0.22,1,8.94,1120.46,0.66,0.8
APW,-0.62,Non-Toxin,0.18,-0.23,-1.3,0,5.88,372.45,0.46,0.33
CGHCKKLAPILDEAATTLKSDEDVVIAKMDATANDVPSEF,-0.59,Non-Toxin,-0.12,-0.1,0.32,-3.5,4.46,4248.39,0.61,0.6
DVQGYPTLY,-1.13,Non-Toxin,-0.04,-0.48,-0.57,-1,3.8,1055.28,0.63,0.67
VTPSGKMVPY,-0.9,Non-Toxin,-0.02,0,-0.37,1,8.94,1078.43,0.6,0.5
ESGRTADEIVDF,-0.83,Non-Toxin,-0.22,-0.59,0.72,-3,3.92,1338.55,0.66,0.83
IKKNKETAGQAKEKAESAPAEPLKDEL,-1.33,Non-Toxin,-0.34,-1.31,1.05,0,6.69,2924.69,0.61,0.89
MATTVSSQF,-0.4,Non-Toxin,0.01,0.47,-0.64,0,5.88,971.21,0.61,0.67
SICF,-1.04,Non-Toxin,0.28,2.25,-1.25,0,5.85,468.61,0.64,0.25
CVLLLVHDSMAQLF,-0.78,Non-Toxin,0.16,1.54,-0.89,-0.5,5.09,1589.16,0.58,0.36
YPRTNPW,-0.8,Non-Toxin,-0.33,-2.01,-0.41,1,9.1,933.12,0.56,1.29
SEY,-1.03,Non-Toxin,-0.29,-1.87,0.33,-1,4,397.41,0.64,1
ESLQKVRSEGGVTEY,-1.49,Non-Toxin,-0.28,-0.97,0.55,-1,4.79,1682.04,0.64,1
VDERNELF,-1.02,Non-Toxin,-0.34,-0.96,0.8,-2,4.14,1021.2,0.69,1.12
QHTGTF,-0.73,Non-Toxin,-0.11,-0.95,-0.6,0.5,7.1,689.81,0.52,0.83
VIRRIIQPQGLLVPRY,-0.67,Non-Toxin,-0.14,0.26,-0.31,3,11.72,1921.62,0.63,1.06
TNTLSMVY,-0.71,Non-Toxin,0.01,0.36,-0.9,0,5.88,928.18,0.63,0.75
IIQGRGTMGLTF,-0.45,Non-Toxin,0.04,0.57,-0.57,1,10.11,1293.74,0.66,0.67
LGCPATY,-1.11,Non-Toxin,0.11,0.59,-0.86,0,5.84,723.93,0.56,0.29
QSESQKF,-0.96,Non-Toxin,-0.43,-1.89,0.64,0,6.35,852.99,0.64,1.29
RGEHQKIY,-1.34,Non-Toxin,-0.46,-1.98,0.57,1.5,8.94,1030.27,0.6,1.38
RQGDIIPLPAGVAHW,-0.76,Non-Toxin,0,0.07,-0.37,0.5,7.1,1630.11,0.56,0.6
NDGDAPVVTIY,-0.64,Non-Toxin,-0.01,0.02,-0.16,-2,3.57,1163.4,0.65,0.55
MAANPGNKIRNAKLVLLGDVGTGKSSLVLRF,-0.92,Non-Toxin,-0.1,0.19,-0.06,4,11.1,3241.34,0.63,0.77
VEF,-0.77,Non-Toxin,0.18,1.17,-0.33,-1,4,393.47,0.69,0.33
QESTIGAAF,-1.06,Non-Toxin,0.03,0.22,-0.24,-1,4,923.11,0.62,0.56
SQTLAVNDETVKF,-0.8,Non-Toxin,-0.15,-0.25,0.08,-1,4.38,1451.78,0.64,0.85
EIW,-1.22,Non-Toxin,0.16,0.03,-0.73,-1,4,446.54,0.63,0.67
HSLAPMY,-0.2,Non-Toxin,0.05,0.09,-0.87,0.5,7.09,818.05,0.49,0.43
RGAAAAIVVY,-0.72,Non-Toxin,0.12,1.39,-0.61,1,9.1,990.3,0.62,0.5
DITNAASF,-0.72,Non-Toxin,0,0.3,-0.28,-1,3.8,837.98,0.63,0.62
TRAKKW,-1.16,Non-Toxin,-0.59,-2.02,0.78,3,11.17,789.02,0.6,1.67
VQELQAQGNPNTIMALAGNKADMVEARQVPAEEAKTY,-0.23,Non-Toxin,-0.17,-0.54,0.17,-2,4.59,3988.03,0.63,0.81
AQENGLF,-0.61,Non-Toxin,-0.06,-0.36,-0.2,-1,4,777.93,0.65,0.71
METSAKTAINVNDVF,-0.83,Non-Toxin,-0.08,0.07,-0.05,-1,4.38,1640.05,0.66,0.73
HEIAKRLLQGQQAQDTPAGMVLNQRPAERMVSSSSCCS,-1.14,Non-Toxin,-0.24,-0.54,0.16,1.5,8.38,4129.25,0.6,0.95
AAAAW,-1.24,Non-Toxin,0.27,1.26,-1.08,0,5.88,488.59,0.52,0.2
LRPQGADVVGVGF,-0.16,Non-Toxin,0.02,0.52,-0.24,0,6.19,1314.7,0.64,0.54
VSGSGGGGGGDGVRTRRVDDGCAGADDIAIY,-1.09,Non-Toxin,-0.13,-0.29,0.36,-2,4.29,2911.52,0.66,0.68
SSVSLVDPRVF,-0.63,Non-Toxin,-0.05,0.65,-0.17,0,6.19,1205.52,0.61,0.73
RRLGHDDCLLNDGRPLLAGETVSF,-0.7,Non-Toxin,-0.21,-0.34,0.25,-0.5,5.44,2655.34,0.6,0.88
EY,-1.02,Non-Toxin,-0.3,-2.4,0.35,-1,4,310.32,0.69,1
TNSFPY,-0.87,Non-Toxin,-0.09,-0.85,-0.78,0,5.88,727.84,0.6,0.83
KLSVSVATCVVDPAAP,-0.75,Non-Toxin,0.05,0.97,-0.26,0,6.16,1557.05,0.58,0.38
GGAVVQRLLATCAAKY,-0.34,Non-Toxin,-0.01,0.69,-0.38,2,9.36,1621.16,0.61,0.62
GDARDALAAAKGSIAQQDY,-0.69,Non-Toxin,-0.19,-0.51,0.36,-1,4.43,1921.31,0.63,0.79
DMASVHVSAAAEYPQVCRTLF,-1.23,Non-Toxin,-0.04,0.35,-0.31,-0.5,5.33,2295.9,0.58,0.62
GRQSPGDYPPELAATEVALRQLCSVALDIIALLSSSSN,-1.01,Non-Toxin,-0.07,0.15,-0.08,-2,4.32,3944,0.59,0.68
ADLIAASPDASSTY,-0.85,Non-Toxin,-0.01,0.18,-0.1,-2,3.57,1381.63,0.57,0.5
QSAAGGGITVF,-1.06,Non-Toxin,0.16,0.81,-0.61,0,5.88,1007.27,0.63,0.36
CPTDDAVRAF,-1.16,Non-Toxin,-0.18,-0.07,0.26,-1,4.21,1094.32,0.61,0.7
LPRY,-0.84,Non-Toxin,-0.32,-0.9,-0.27,1,9.1,547.7,0.57,1.25
KNLTADGKAELLLF,-0.8,Non-Toxin,-0.07,0.16,0.08,0,6.42,1533.01,0.62,0.64
SRGSLKSNNGVMNTLATDGAAKNY,-0.96,Non-Toxin,-0.22,-0.71,0.11,2,9.72,2470.06,0.64,0.96
TVQNEGDAVTIKTAASGDAARVKSTVVDADPVAIF,-1.33,Non-Toxin,-0.08,0.17,0.14,-2,4.37,3518.39,0.63,0.66
TVDAVIEPVELF,-1.29,Non-Toxin,0.13,1.06,-0.21,-3,3.58,1331.7,0.63,0.33
APPCVRW,-0.8,Non-Toxin,-0.1,-0.01,-0.49,1,8.6,828.08,0.53,0.71
AAALAAVAMASTLA,-0.87,Non-Toxin,0.24,1.9,-0.75,0,5.88,1231.65,0.55,0.14
MARLHLVVVAMAALF,-1.05,Non-Toxin,0.21,2.01,-0.97,1.5,10.11,1642.32,0.58,0.33
AW,-1.31,Non-Toxin,0.31,0.45,-1.95,0,5.88,275.32,0.51,0.5
AAVAAVAAF,-1.12,Non-Toxin,0.35,2.44,-0.94,0,5.88,790.03,0.58,0
KPIRTVRSQADTTEVY,-0.89,Non-Toxin,-0.34,-0.91,0.42,1,8.93,1864.31,0.62,1.19
SNGVTLVY,-0.55,Non-Toxin,0.09,0.69,-0.88,0,5.88,852.07,0.64,0.62
IIQGRGVTGPTFPGCPQAY,-0.63,Non-Toxin,-0.01,-0.02,-0.46,1,8.57,1962.54,0.61,0.58
ALLAIAACSASAQF,-1.27,Non-Toxin,0.2,1.65,-0.79,0,5.85,1336.75,0.57,0.29
DVLGQSY,-1.46,Non-Toxin,-0.06,-0.21,-0.3,-1,3.8,780.93,0.65,0.71
QLQSPVLLQQQVLSPY,-0.78,Non-Toxin,-0.06,0,-0.68,0,5.88,1841.4,0.59,0.81
GIAASPF,-0.81,Non-Toxin,0.24,1.16,-0.71,0,5.88,661.84,0.57,0.14
LQSAAF,-1.54,Non-Toxin,0.12,0.98,-0.8,0,5.88,635.79,0.58,0.5
QLRNNQVW,-0.49,Non-Toxin,-0.37,-1.43,-0.36,1,10.11,1057.3,0.66,1.62
QQLAGGAQSHY,-1.27,Non-Toxin,-0.12,-0.84,-0.43,0.5,7.09,1159.39,0.56,0.82
QDINIVQAIAQQLQLQQF,-1.46,Non-Toxin,-0.07,0.01,-0.52,-1,3.8,2098.69,0.66,0.94
GDLY,-0.78,Non-Toxin,0,-0.35,-0.27,-1,3.8,466.54,0.67,0.5
DRNLAQAQALLAF,-1.06,Non-Toxin,-0.1,0.22,-0.25,0,6.19,1430.81,0.61,0.85
GIYPRY,-0.81,Non-Toxin,-0.15,-0.77,-0.57,1,8.93,767.96,0.64,1
GAPSTITTLGGVL,-1.54,Non-Toxin,0.17,0.95,-0.64,0,5.88,1186.57,0.58,0.31
QEQEQGQMQSR,-0.79,Non-Toxin,-0.57,-2.57,0.82,-1,4.54,1348.58,0.68,1.55
EHY,-0.82,Non-Toxin,-0.33,-2.67,0.07,-0.5,5.25,447.48,0.46,1
CTMR,-0.79,Non-Toxin,-0.41,-0.2,0.07,1,8.6,509.68,0.65,1.25
ADT,-0.82,Non-Toxin,-0.22,-0.8,0.7,-1,3.8,305.31,0.6,0.67
YNPR,-0.92,Non-Toxin,-0.61,-2.73,0.23,1,9.1,548.64,0.62,1.75
VTN,-1.08,Non-Toxin,-0.09,0,-0.57,0,5.88,332.39,0.66,1
VQMSAVK,-0.8,Non-Toxin,-0.07,0.56,-0.19,1,9.11,762.03,0.66,0.71
VNL,-0.74,Non-Toxin,0.14,1.5,-1.03,0,5.88,344.45,0.66,0.67
ITQGR,-0.82,Non-Toxin,-0.35,-0.92,0.2,1,10.11,573.72,0.65,1.4
TVF,-0.82,Non-Toxin,0.32,2.1,-1.47,0,5.88,365.46,0.64,0.33
GQL,-0.8,Non-Toxin,0,-0.03,-0.53,0,5.88,316.4,0.63,0.67
VVVK,-0.8,Non-Toxin,0.13,2.18,-0.38,1,9.11,443.64,0.69,0.5
EGCA,-0.81,Non-Toxin,-0.04,0.1,0.38,-1,4,378.44,0.62,0.25
ALPTDV,-0.8,Non-Toxin,0.06,0.67,-0.2,-1,3.8,614.77,0.57,0.33
GDE,-0.88,Non-Toxin,-0.39,-2.47,2,-2,3.67,319.3,0.71,0.67
LQSPR,-1.01,Non-Toxin,-0.45,-1.32,0.34,1,10.11,599.75,0.56,1.4
EATHQQR,-0.82,Non-Toxin,-0.58,-2.44,0.71,0.5,7.1,869,0.54,1.57
SEAG,-0.49,Non-Toxin,-0.12,-0.72,0.7,-1,4,362.38,0.6,0.5
NIEAR,-0.78,Non-Toxin,-0.41,-1.04,0.78,0,6.36,601.72,0.67,1.4
IVQGR,-0.78,Non-Toxin,-0.2,0.06,-0.02,1,10.11,571.75,0.69,1.2
GVF,-0.83,Non-Toxin,0.44,2.2,-1.33,0,5.88,321.41,0.69,0
QSVR,-0.78,Non-Toxin,-0.54,-1.15,0.5,1,10.11,488.59,0.65,1.75
DEHQQL,-0.85,Non-Toxin,-0.43,-2.23,0.68,-1.5,4.36,768.87,0.56,1.17
LDPK,-0.66,Non-Toxin,-0.34,-1.3,1.05,0,6.19,471.6,0.58,0.75
VCVHM,-0.9,Non-Toxin,0.2,1.92,-1.16,0.5,7.06,587.82,0.56,0.2
NDNK,-0.45,Non-Toxin,-0.78,-3.6,1.6,0,6.19,489.53,0.74,1.75
M,-0.55,Non-Toxin,0.26,1.9,-1.3,0,5.88,149.21,0.78,0
FQQGDVVAL,-0.79,Non-Toxin,0.06,0.66,-0.49,-1,3.8,976.23,0.66,0.56
VVAI,-0.86,Non-Toxin,0.52,3.68,-1.32,0,5.88,400.57,0.66,0
LDPR,-0.71,Non-Toxin,-0.51,-1.45,1.05,0,6.19,499.61,0.58,1.25
DFF,-0.82,Non-Toxin,0.17,0.7,-0.67,-1,3.8,427.48,0.72,0.33
AGNNK,-0.76,Non-Toxin,-0.39,-1.9,0.58,1,9.11,502.59,0.68,1.2
ISQQ,-0.8,Non-Toxin,-0.23,-0.82,-0.28,0,5.88,474.57,0.65,1.25
EAR,-0.8,Non-Toxin,-0.71,-2.07,1.83,0,6.36,374.42,0.63,1.67
NVF,-0.81,Non-Toxin,0.17,1.17,-1.27,0,5.88,378.46,0.72,0.67
GISSGVAR,-0.8,Non-Toxin,-0.05,0.45,-0.03,1,10.11,745.94,0.63,0.75
LQCQNDQR,-0.83,Non-Toxin,-0.58,-1.96,0.5,0,6.16,1004.2,0.67,1.62
AVTAAAQAPGAAPVPAPK,-0.38,Non-Toxin,0.06,0.44,-0.23,1,9.11,1588.07,0.53,0.28
SR,-0.77,Non-Toxin,-1.01,-2.65,1.65,1,10.11,261.29,0.6,2.5
WHSPR,-0.8,Non-Toxin,-0.42,-2.2,-0.12,1.5,10.11,681.81,0.41,1.4
QGS,-0.81,Non-Toxin,-0.26,-1.57,0.17,0,5.88,290.31,0.63,1
DR,-0.79,Non-Toxin,-1.24,-4,3,0,6.19,289.3,0.72,2.5
AGVTE,-1.23,Non-Toxin,0.03,0.28,0.12,-1,4,475.56,0.62,0.4
VIR,-0.86,Non-Toxin,-0.16,1.4,-0.1,1,10.11,386.53,0.69,1.33
VIQPQG,-0.77,Non-Toxin,0,-0.05,-0.48,0,5.88,640.83,0.63,0.67
IIQGR,-0.86,Non-Toxin,-0.17,0.12,-0.08,1,10.11,585.78,0.69,1.2
GSMG,-0.85,Non-Toxin,0.08,0.07,-0.25,0,5.88,350.44,0.67,0.25
IHQ,-1.01,Non-Toxin,-0.12,-0.73,-0.7,0.5,7.1,396.49,0.46,1
QGDVVAL,-0.8,Non-Toxin,0.09,0.94,-0.3,-1,3.8,700.89,0.65,0.43
LEPTQK,-0.81,Non-Toxin,-0.35,-1.57,0.67,0,6.35,714.9,0.58,1
VQQV,-0.76,Non-Toxin,-0.07,0.35,-0.65,0,5.88,472.6,0.69,1
GINTVAAK,-0.76,Non-Toxin,0,0.47,-0.19,1,9.11,773.01,0.64,0.62
QSSHR,-0.82,Non-Toxin,-0.67,-2.56,0.66,1.5,10.11,613.69,0.48,1.8
FKPIHTVR,-0.8,Non-Toxin,-0.2,-0.3,-0.09,2.5,11.01,997.32,0.54,1
SQADTTEV,-0.81,Non-Toxin,-0.23,-0.84,0.46,-2,3.67,849.95,0.62,0.88
VVR,-0.71,Non-Toxin,-0.23,1.3,0,1,10.11,372.5,0.69,1.33
GVTGPTF,-0.96,Non-Toxin,0.15,0.46,-0.69,0,5.88,677.85,0.6,0.29
VAATAAAADVVVR,-0.9,Non-Toxin,0.08,1.45,-0.26,0,6.19,1213.56,0.61,0.46
CAACGL,-0.83,Non-Toxin,0.21,2,-0.8,0,5.82,536.73,0.58,0
NPSQM,0.28,Toxin,-0.28,-1.5,-0.12,0,5.88,575.7,0.62,1
VAI,-0.93,Non-Toxin,0.51,3.5,-1.27,0,5.88,301.42,0.64,0
GR,-0.44,Non-Toxin,-0.8,-2.45,1.5,1,10.11,231.27,0.68,2
C,-0.91,Non-Toxin,0.04,2.5,-1,0,5.85,121.15,0.62,0
LMCVCDVDPHPLPPSR,-0.69,Non-Toxin,-0.1,0.06,-0.07,-0.5,5.22,1779.34,0.54,0.5
HHPPPPEEPEPEPTPVNHHYPPPTTPAY,-0.77,Non-Toxin,-0.19,-1.72,0.09,-2,5.23,3162.82,0.43,0.54
PQVR,-0.83,Non-Toxin,-0.49,-1.35,0.42,1,10.11,498.63,0.6,1.5
YIR,-0.79,Non-Toxin,-0.34,-0.43,-0.37,1,9.1,450.57,0.69,1.67
RRPGHGGL,-0.72,Non-Toxin,-0.37,-1.4,0.46,2.5,12.01,849.08,0.54,1.12
SSR,-0.98,Non-Toxin,-0.76,-2.03,1.2,1,10.11,348.38,0.58,2
LVR,-0.8,Non-Toxin,-0.23,1.17,-0.1,1,10.11,386.53,0.64,1.33
VDSK,-0.75,Non-Toxin,-0.39,-1,1.2,0,6.19,447.53,0.67,1
IDASSTPK,-0.83,Non-Toxin,-0.2,-0.62,0.49,0,6.19,817.99,0.58,0.75
VVT,-0.81,Non-Toxin,0.3,2.57,-1.13,0,5.88,317.42,0.64,0.33
NPDNHP,-1.1,Non-Toxin,-0.42,-2.82,0.48,-0.5,5.09,692.76,0.5,1
FQSSAAK,-1,Non-Toxin,-0.17,-0.37,0.04,1,9.11,737.89,0.59,0.86
AML,-0.83,Non-Toxin,0.35,2.5,-1.2,0,5.88,333.48,0.61,0
SVY,-0.76,Non-Toxin,0.1,0.7,-1.17,0,5.88,367.43,0.64,0.67
EDQVP,-0.8,Non-Toxin,-0.31,-1.58,0.94,-2,3.67,586.66,0.64,0.8
LIIIQDGDSK,-0.8,Non-Toxin,-0.06,0.17,0.23,-1,4.21,1101.42,0.67,0.7
AHVEPDQIVS,-0.16,Non-Toxin,-0.07,-0.14,0.07,-1.5,4.36,1094.33,0.56,0.6
VVVADNVHD,-1.07,Non-Toxin,-0.01,0.54,-0.09,-1.5,4.2,967.17,0.62,0.56
NVL,-0.9,Non-Toxin,0.14,1.5,-1.03,0,5.88,344.45,0.66,0.67
WCGHCK,-0.45,Non-Toxin,-0.15,-0.57,-0.48,1.5,8.38,732.95,0.52,0.67
MDATANDVPSE,-0.73,Non-Toxin,-0.17,-0.67,0.48,-3,3.5,1149.33,0.63,0.64
VTPSGK,-1.01,Non-Toxin,-0.15,-0.53,0.23,1,9.11,587.75,0.58,0.67
MVP,-0.81,Non-Toxin,0.24,1.5,-0.93,0,5.88,345.49,0.61,0
YESGR,-0.8,Non-Toxin,-0.49,-2.1,0.8,0,6.35,610.68,0.65,1.4
TADEIVD,-0.97,Non-Toxin,-0.1,-0.1,0.69,-3,3.5,761.87,0.66,0.57
IK,-0.8,Non-Toxin,-0.19,0.3,0.6,1,9.11,259.37,0.69,1
AESAPAEP,-0.8,Non-Toxin,-0.11,-0.7,0.6,-2,3.8,770.88,0.52,0.38
PR,-1.21,Non-Toxin,-0.92,-3.05,1.5,1,10.11,271.33,0.52,2
TNP,-0.89,Non-Toxin,-0.3,-1.93,-0.07,0,5.88,330.37,0.55,1
QK,-0.7,Non-Toxin,-0.9,-3.7,1.6,1,9.11,274.34,0.68,2
SEGGVTE,-0.72,Non-Toxin,-0.12,-0.73,0.63,-2,3.8,677.76,0.64,0.57
VDER,-0.62,Non-Toxin,-0.64,-1.82,1.88,-1,4.38,517.58,0.71,1.5
NEL,-0.76,Non-Toxin,-0.24,-1.07,0.47,-1,4,374.43,0.66,1
IIQPQG,-1.06,Non-Toxin,0.03,0,-0.53,0,5.88,654.86,0.63,0.67
LVPR,-1,Non-Toxin,-0.19,0.48,-0.07,1,10.11,483.66,0.57,1
GTMG,-0.65,Non-Toxin,0.1,0.1,-0.43,0,5.88,364.47,0.67,0.25
QGDIIPLPAGVAH,-0.8,Non-Toxin,0.11,0.49,-0.4,-0.5,5.09,1287.68,0.55,0.31
DINNR,-0.8,Non-Toxin,-0.61,-2.1,0.92,0,6.19,630.72,0.73,1.8
GDVGTGK,-0.8,Non-Toxin,-0.14,-0.73,0.59,0,6.19,632.77,0.67,0.57
SSL,-1.07,Non-Toxin,0,0.73,-0.4,0,5.88,305.36,0.53,0.67
GQF,-0.79,Non-Toxin,0.03,-0.37,-0.77,0,5.88,350.41,0.69,0.67
DTAGQER,-0.78,Non-Toxin,-0.51,-2.04,1.19,-1,4.38,775.86,0.65,1.29
GAAAAIVV,-0.91,Non-Toxin,0.37,2.46,-0.85,0,5.88,670.91,0.61,0
AGNK,-0.31,Non-Toxin,-0.33,-1.5,0.68,1,9.11,388.47,0.66,1
METSAK,-0.94,Non-Toxin,-0.28,-0.87,0.68,0,6.35,665.83,0.62,0.83
TAINVNDV,-1.2,Non-Toxin,-0.01,0.44,-0.29,-1,3.8,845.03,0.68,0.75
HEIAK,-0.86,Non-Toxin,-0.23,-0.86,0.64,0.5,7.1,596.75,0.52,0.8
LLQGQQAQDTPAGMV,-1.18,Non-Toxin,-0.07,-0.22,-0.27,-1,3.8,1556.99,0.62,0.67
NQRPAER,-0.72,Non-Toxin,-0.76,-2.76,1.27,1,9.95,870.02,0.62,1.86
VSSASSTPPPPAF,-0.8,Non-Toxin,0.01,0.02,-0.32,0,5.88,1244.52,0.5,0.38
SDVA,-0.39,Non-Toxin,-0.05,0.43,0.32,-1,3.8,390.43,0.63,0.5
LSPR,-0.85,Non-Toxin,-0.39,-0.78,0.38,1,10.11,471.6,0.53,1.25
VSGSGGGGGGDGVR,-0.51,Non-Toxin,-0.05,-0.31,0.26,0,6.19,1118.34,0.67,0.5
VDDGCAGADDIAI,-1.13,Non-Toxin,0.02,0.48,0.34,-4,3.33,1234.47,0.67,0.31
QGR,-0.75,Non-Toxin,-0.76,-2.8,1.07,1,10.11,359.42,0.68,2
ATPLPSGVPAY,-0.8,Non-Toxin,0.1,0.33,-0.61,0,5.88,1072.37,0.53,0.27
TVDVMNR,-0.66,Non-Toxin,-0.28,-0.27,0.21,0,6.19,834.05,0.7,1.14
CGW,-0.8,Non-Toxin,0.19,0.4,-1.47,0,5.85,364.45,0.6,0.33
VDPR,-0.87,Non-Toxin,-0.5,-1.35,1.12,0,6.19,485.58,0.62,1.25
LGHDDC,-0.79,Non-Toxin,-0.18,-0.72,0.45,-1.5,4.2,658.76,0.56,0.5
CSR,-0.82,Non-Toxin,-0.66,-0.93,0.77,1,8.6,364.44,0.61,1.67
VPPPASVPPPPPPPPAPAA,-1.16,Non-Toxin,0.05,-0.23,-0.25,0,5.88,1753.31,0.44,0.05
ATCNSTS,-1,Non-Toxin,-0.18,-0.31,-0.21,0,5.85,682.78,0.57,0.86
SADPSSATADVR,-0.8,Non-Toxin,-0.24,-0.55,0.54,-1,4.21,1176.34,0.58,0.83
ANATDAGTTAGVAGDGGGAVVQR,-1.05,Non-Toxin,-0.04,0.02,0.03,-1,4.21,2016.44,0.63,0.57
GDAR,-0.78,Non-Toxin,-0.52,-1.65,1.38,0,6.19,417.46,0.66,1.25
DAL,-0.79,Non-Toxin,0.02,0.7,0.23,-1,3.8,317.37,0.6,0.33
AAAK,-1.13,Non-Toxin,-0.09,0.38,0.38,1,9.11,359.46,0.56,0.5
GSIAQQD,-1.19,Non-Toxin,-0.17,-0.77,0.2,-1,3.8,717.83,0.65,0.86
PQVCR,-0.67,Non-Toxin,-0.39,-0.58,0.14,1,8.6,601.78,0.61,1.2
QSPGDYPPEL,-0.65,Non-Toxin,-0.18,-1.4,0.24,-2,3.67,1102.3,0.56,0.6
LVAAAGPAAAK,-0.83,Non-Toxin,0.14,1.17,-0.3,1,9.11,939.26,0.55,0.18
FCPTDDAVR,-1.11,Non-Toxin,-0.22,-0.28,0.34,-1,4.21,1023.23,0.63,0.78
LTADGK,-0.92,Non-Toxin,-0.18,-0.48,0.55,0,6.19,603.75,0.62,0.67
AEL,-1.14,Non-Toxin,0.05,0.7,0.23,-1,4,331.4,0.58,0.33
GSL,-0.75,Non-Toxin,0.14,0.87,-0.5,0,5.88,275.34,0.58,0.33
SNNGVMNT,-0.64,Non-Toxin,-0.18,-0.79,-0.29,0,5.88,836,0.69,1
ATDGAAK,-0.85,Non-Toxin,-0.16,-0.44,0.59,0,6.19,632.75,0.6,0.57
TVQNEGDAVTIK,-0.8,Non-Toxin,-0.16,-0.42,0.27,-1,4.38,1274.57,0.66,0.83
STVVDADPVAI,-1.33,Non-Toxin,0.08,0.96,-0.13,-2,3.57,1086.35,0.62,0.36
FKPAPSPTPAPSPAPAADAPK,-0.82,Non-Toxin,-0.1,-0.61,0.18,1,8.94,2015.55,0.5,0.38
AAAAVAQGPSASPTPAPK,-0.84,Non-Toxin,-0.02,0.02,-0.09,1,9.11,1592.01,0.52,0.39
PVLSPPAPAPGSISQSPTEAPTSPPPPSAASGVSPSAAAVVAA,-0.45,Non-Toxin,0.03,0.17,-0.22,-1,4,3874.89,0.51,0.33
RPAPVL,-0.74,Non-Toxin,-0.1,0.35,-0.13,1,10.11,651.88,0.53,0.67
AVAASTAAAAAIEGEVK,-0.82,Non-Toxin,0.07,0.85,0.01,-1,4.54,1529.93,0.59,0.35
CGGCSPCGGADCPVLY,-0.74,Non-Toxin,0.06,0.59,-0.42,-1,3.8,1501.94,0.6,0.19
GGGAQSGR,-0.58,Non-Toxin,-0.23,-1.08,0.38,1,10.11,688.81,0.64,0.88
GPLY,-0.74,Non-Toxin,0.16,0.12,-1.02,0,5.88,448.57,0.57,0.25
PQDPGFMPSSAPSSHGSR,-0.98,Non-Toxin,-0.21,-1.08,0.16,0.5,7.1,1842.21,0.53,0.72
FKPIR,-0.75,Non-Toxin,-0.32,-0.54,0.34,2,11.01,659.89,0.62,1.2
QQCSPMSL,-0.48,Non-Toxin,-0.14,-0.25,-0.39,0,5.85,893.15,0.59,0.75
WEQSR,-0.63,Non-Toxin,-0.59,-2.64,0.62,0,6.36,704.8,0.61,1.8
SSCQVMR,-0.82,Non-Toxin,-0.3,-0.14,0,1,8.6,810.04,0.65,1.14
CSTPCK,-0.92,Non-Toxin,-0.26,-0.33,0.15,1,8.38,637.83,0.56,0.67
VATGHCGS,-0.79,Non-Toxin,0.04,0.37,-0.45,0.5,7.06,730.9,0.53,0.38
IIF,-0.88,Non-Toxin,0.69,3.93,-2.03,0,5.88,391.55,0.7,0
NNQV,-0.87,Non-Toxin,-0.36,-1.57,-0.22,0,5.88,473.54,0.73,1.5
QTR,-0.87,Non-Toxin,-0.88,-2.9,0.93,1,10.11,403.47,0.63,2.33
AGGQQSH,-0.94,Non-Toxin,-0.21,-1.43,-0.04,0.5,7.1,683.78,0.54,0.86
NVPSR,-0.9,Non-Toxin,-0.44,-1.24,0.4,1,10.11,571.69,0.61,1.4
